ID,mention
682716086681382912,RyanWatersUKIP
682716257402109952,Mativenko80
682717394154991616,RyanWatersUKIP
682718899519893504,UKIP
682718899519893504,Nigel_Farage
682721932207353856,News_Executive
682721932207353856,afneil
682726653710200832,LeaveEUOfficial
682727555863044096,LiberalIsland
682727555863044096,janeyk72
682727555863044096,MockLabour
682728113902612480,janeyk72
682728113902612480,LiberalIsland
682728113902612480,MockLabour
682744570485051392,BreitbartNews
682744570485051392,TheMuslimIssue
682760397875732480,ChrisPowerRed
682769733817614336,HaitiNewsNet
682827713502146560,AOLdotUK
682830289182310400,nuzzel
682830289182310400,DirectMarseille
682825551019642880,4real042
682825551019642880,DonMaseratte042
682847443478802432,Charles20ah24s
682847443478802432,ThomasEvansUKIP
682849014308540416,whiskycomandant
682852248322502656,markets
682852680365174784,AnthonyGlees
682837980575346688,bloefeld437
682838731531878400,BBCWorld
682841476624179200,busybuk
682844464382119936,AndyCavster
682844464382119936,RedHotSquirrel
682846407611514880,David_Cameron
682847814007783424,AndyCavster
682847814007783424,RedHotSquirrel
682849270496649216,MailOnline
682850849928966144,lasancmt
682866494494097408,FT
682852000015478784,Wake_up_Europe
682867367764979712,glasterlaw1
682868026153283584,johnwedgey
682852950373445632,AndyCavster
682852950373445632,WantEnglandBack
682853061916790784,Akabilky
682869699181412352,SchetynadlaPO
682854609908568064,debatingeurope
682854609908568064,EUWatchers
682854680079298560,AndyCavster
682854680079298560,RedHotSquirrel
682856140737277952,AndyCavster
682856140737277952,WantEnglandBack
682856711414247424,Akabilky
682857572769132544,stardust193
682858355224915968,AndyCavster
682858355224915968,WantEnglandBack
682860981337387008,lasancmt
682876199337615360,dvrmakgl
682861974485622784,lasancmt
682862237216837632,lasancmt
682862492767367168,lasancmt
682878082945007616,vilimsky
682863347784638464,English_Woman
682863347784638464,MargotLJParker
682878820542758912,LBC
682864514581295104,AndyCavster
682864514581295104,WantEnglandBack
682865545973215232,LBC
682867483880067072,TonyDuheaume
682867483880067072,SHKMEP
682884295841722368,SPIEGELONLINE
682869472387022848,SHKMEP
682869867679211520,richardcalhoun
682871211576156160,MikeARPowell
682871865564610560,Number10gov
682871983353257984,FreefromTorture
682872027699621888,MikeARPowell
682872198101635072,richardcalhoun
682873055442501632,richardcalhoun
682888204362629120,arminfischer
682889331816660992,PoliticsHome
682889407028920320,simplysimontfa
682889407028920320,MargotLJParker
682874375700373504,LBC
682890374969487360,Nigel_Farage
682890555211296768,UK_IndyNow
682890555211296768,lostleonardo
682875498351964160,richardcalhoun
682875498351964160,Andym6769
682891645658906624,lefty_loons
682891645658906624,uk_disgrace
682891645658906624,TRobinsonNewEra
682876767321866240,LBC
682891950660435968,IBTauris
682878782034829312,Fattcheeked
682879519280218112,LBC
682895155192557568,gme7
682880118751125504,LSEpoliticsblog
682880542644301824,Bacolod
682880542644301824,LBC
682881078365937664,Andym6769
682881078365937664,belindawood99
682881078365937664,richardcalhoun
682881498878488576,mcvalfra
682881498878488576,belindawood99
682881498878488576,richardcalhoun
682881498878488576,Andym6769
682896607474499584,SPIEGELONLINE
682882827361337344,LBC
682899602291486720,SPIEGELONLINE
682900545284239360,TRobinsonNewEra
682902316702371840,LouiseMensch
682902316702371840,UKLabour
682903214665121792,business
682903214665121792,LibDemsinBiz
682889215588306944,simplysimontfa
682889215588306944,UkipRugby
682904377431048192,MR_JustinTaylor
682904377431048192,WildTimothy
682907381592911872,nzherald
682907798435409920,Number10gov
682893079150485504,kel_emvor
682908820771880960,tagesschau
682909217175552000,David_Cameron
682910090958139392,RafikSmati
682895502816505856,britainelects
682895502816505856,RoundLike
682911754192551936,SPIEGELONLINE
682897984498089984,mummygirl
682898267995287552,LouiseMensch
682898267995287552,DanHannanMEP
682898267995287552,David_Cameron
682898347561213952,LouiseMensch
682898690860711936,LeaveEUofficial
682898753230102528,minefornothing
682914435674025984,LiberalIsland
682899997684314112,LouiseMensch
682915188778078208,welt
682900382440361984,youtube
682900382440361984,Fight4UK
682900382440361984,Xlibris1
682900382440361984,andywigmore
682901035086643200,HowardKoch_UK
682901035086643200,cut_the_crap_ec
682901706418458624,LouiseMensch
682901706418458624,UKLabour
682917686700032000,arminfischer
682918597002412032,neiledwardlovat
682918597002412032,stuart_w64
682918597002412032,flashgrim
682920334954213376,JeremyCliffe
682920943967178752,welt
682920950514495488,libdemfightbac
682920950514495488,farronites
682920950514495488,LibDems
682906991241654272,youtube
682906991241654272,David_Cameron
682906991241654272,Nigel_Farage
682908011610959872,AndyCavster
682908011610959872,Samson1176
682924125350965248,DrGaryKerr
682924125350965248,jofspg
682924125350965248,mikegalsworthy
682924125350965248,Scientists4EU
682929029679284224,Boursorama
682914004369600512,PhebeOhYes
682914004369600512,RedHotSquirrel
682914322092277760,Tuppy_G
682914676053794816,JamesMcHaleUK
682915420593086464,Nospin_43
682915615141720064,Stop_The_EU
682916329893015552,LouiseMensch
682916329893015552,UKLabour
682931491307941888,naamsingh
682931491307941888,Manish_05Singh
682931491307941888,rorybroomfield
682932448137744384,Cllrporter
682932448137744384,BreitbartLondon
682918408074194944,richardcalhoun
682919566578696192,RedHotSquirrel
682922271497957376,DVATW
682924910344273920,UKIPPOOLE
682925048831803392,Conservatives
682926043749978112,LeaveEUofficial
682941545813831680,ae_parry
682941545813831680,LabourEoin
682926976496041984,LeaveEUofficial
682927253412540416,richardcalhoun
682927253412540416,Cllrporter
682927253412540416,minefornothing
682929808339238912,rorybroomfield
682931339784491008,richardcalhoun
682931339784491008,Cllrporter
682931339784491008,minefornothing
682931339784491008,Nigel_Farage
682946730749489152,D_Blanchflower
682931974311403520,LouiseMensch
682931974311403520,UKIP
682947735855693824,Mancman10
682947735855693824,MockLabour
682947735855693824,LiberalIsland
682933610765266944,LouiseMensch
682933610765266944,DouglasCarswell
682933610765266944,thestreamguru
682933610765266944,Nigel_Farage
682948722288902144,CapX
682948722288902144,DanHannanMEP
682933998771957760,DouglasCarswell
682949378823163904,Ririka27067752
682949988855496704,DrGaryKerr
682949988855496704,jofspg
682949988855496704,mikegalsworthy
682949988855496704,JohannaRhodes
682935894123393024,Graeme__McGuire
682936029515517952,David_Cameron
682937053441568768,BV
682937572180520960,RogerV52
682937572180520960,BV
682942702762246144,pperrin
682942702762246144,UK_IndyNow
682942702762246144,ukipgloucester
682945113891450880,Miguelencasa
682960546921054208,IrishTimesBiz
682963562227195904,Iowa_Corn_Dog
682963562227195904,EUscepticInUSA
682963562227195904,RichardAENorth
682963562227195904,PeteNorth303
682963562227195904,WhiteWednesday
682965748348784640,gduval_altereco
682965748348784640,AlterEcoPlus
682951111007940608,DavidJo52951945
682951111007940608,Telegraph
682967555611475968,georgeeaton
682972714399862784,Am___17
682974846192631808,Ifawemimo
682974846192631808,abibeo_oba
682974846192631808,sagaysagay
682974846192631808,prince_omoagba
682959830563307520,emeralds3
682959830563307520,CyberUKIPper
682975449732018176,FUW_UAC
682963475170213888,TUSCoalition
682980109016526848,Cosmixer
682980109016526848,simonraz
682984913625300992,ICMResearch
682984913625300992,martinboon
682986663702872064,Cosmixer
682971898465095680,JudyAnnKnight
682971898465095680,guardian
682973642322477056,FT
682973642322477056,TonysAngle
682973838448001024,danielrhamilton
682974767280963584,Dimwot
682976539919650816,David_Cameron
682978974365016064,pperrin
682978974365016064,paulrey99
682978974365016064,UK_IndyNow
682978974365016064,ukipgloucester
682994312565620736,Nigel_Farage
682979461172625408,FT
682983967008649216,wef
682985719200133120,guardian_clark
683003116996968448,TheScepticIsle
683003116996968448,RobDWaller
683003116996968448,ExxCee
682988616600125440,EU_Commission
682989726832431104,Guardian
683008944558739456,neiledwardlovat
683008944558739456,Ulster1999
683013541671124992,DavidJo52951945
683002399796129792,FT
683003016233005056,JDTIPS
683003016233005056,Telegraph
683021453231570944,SkyNews
683009669003100160,RyanWatersUKIP
683009669003100160,jayeddyy
683009669003100160,richardcalhoun
683009669003100160,Cllrporter
683009669003100160,minefornothing
683028238726217728,Nigel_Farage
683014619775021056,Cllrporter
683014619775021056,RyanWatersUKIP
683014619775021056,richardcalhoun
683014619775021056,minefornothing
683018833372778496,PaulRae_Jigsaw
683018833372778496,DouglasCarswell
683018833372778496,mikebutcher
683019205285933056,LawGovDCU
683019205285933056,AnMailleach
683019205285933056,IBTimes
683040709717430272,StrongerIn
683040709717430272,EastMidsLD
683041600428240896,2tweetaboutit
683041600428240896,Nigel_Farage
683043245702692864,Harry_Styles
683043309867155456,PeterTownsend7
683030751340789760,DanHannanMEP
683035338923728896,TheStaunton
683035338923728896,WhiteWednesday
683058753277657088,Fight4UK
683059846527205376,osxreverser
683052682714705920,WarOnWant
683070382660796416,souhilabintarab
683074473961111552,Samantha6482
683061206425427968,JabbaLeChat
683063605831557120,YouTube
683090660644274176,benastontweet
683090660644274176,DancerGuard
683098220998844416,LeaveEUOfficial
683117692266647552,ChrisDarroch2
683117692266647552,scarycath
683117692266647552,MorphyJim
683103057169780736,GiftedNutter
683117590156304384,ndtv
683169138085367808,VanHeckeSteven
683178687152390144,David_Vaporium
683178687152390144,iancollinsuk
683178687152390144,GerardBattenMEP
683198470191235072,SblendedKingston
683202273493815296,Arron_banks
683192520675700736,LeaveEUofficial
683194362470203392,woodlandsandrew
683194362470203392,er1cmau
683211348231229440,AndrewLucas103
683211348231229440,EnvAgency
683204209035100160,IvanLewis_MP
683204209035100160,Jude_KD
683219488871989248,georgemagnus1
683204659914403840,quarsan
683204659914403840,Jude_KD
683204659914403840,TheresaMEP
683221890039705600,georgemagnus1
683222168944164864,CorriereIt
683223468725399552,Hugodixon
683223468725399552,benjaminhaddad
683225693598146560,GrillingKippers
683225809033768960,Guedella
683225809033768960,vote_leave
683211262952652800,lsebrexitvote
683213109566259200,vote_leave
683214399377637376,RogerV52
683214399377637376,BBCFarmingToday
683214450074189824,countryboylife
683214450074189824,TheStaunton
683214450074189824,WhiteWednesday
683214680047902720,Stop_The_EU
683216011206758400,Stop_The_EU
683216011206758400,Fight4UK
683231565917347840,LBC
683231565917347840,StigAbell
683217958831828992,johnfmca
683217958831828992,Daily_Express
683217958831828992,oflynnmep
683219842145611776,Stop_The_EU
683221225276096512,David_Cameron
683221225276096512,MailOnline
683223084757839872,FT
683223346113331200,woodlandsandrew
683223346113331200,euobs
683238891713904640,MR_JustinTaylor
683238891713904640,WildTimothy
683224190095376384,DCBMEP
683224190095376384,vote_leave
683239563125501952,sharethis
683224693147602944,hayspender
683224693147602944,FintanCox
683226168976404480,austparagus
683226168976404480,RedHotSquirrel
683242141611638784,MarisolTouraine
683242141611638784,publicsenat
683243003167797248,RichardJCherry
683243003167797248,vote_leave
683229475732123648,Independent
683229704736911360,Independent
683232238713090048,WarOnWant
683233140228362240,Nigel_Farage
683250059958435840,BetterOffOut
683235587797704704,kevinnichols20
683251786870738944,LSEpoliticsblog
683237081687142400,Jandals_nz
683237081687142400,Stop_The_EU
683238115096530944,R_Heslop92
683254068693827584,GuidoFawkes
683239081610969088,theSNP
683254332763062272,ThrobingThistle
683254332763062272,JohnRentoul
683256725508599808,spectator
683256725508599808,LBC
683257922915307520,thetimes
683258586810728448,toryboypierce
683258586810728448,GMB
683258586810728448,mrlanceprice
683247178580639744,simonjhix
683247178580639744,LSEEuroppblog
683249023042596864,KateHoeyMP
683265085951860736,tvn24bis
683251968761008128,SurferObserver
683251968761008128,RedHotSquirrel
683251968761008128,ReevesJek
683268769347710976,StuBlu92
683269935972352000,TheEconomist
683269989525250048,cultrun
683255787880329216,eurocrat
683271464204767232,YouTube
683272181963448320,FT
683257621642670080,MaraudingWinger
683257621642670080,CouncillorEd
683258559409315840,LesleyMillercyp
683277090813263872,IrishTimes
683262763477655552,LeaveEUofficial
683264071001571328,risk_insights
683264390460657664,LeaveEUofficial
683265786144780288,Blakenburg8
683265786144780288,Nigel_Farage
683265831225036800,nigel_farage
683265831225036800,DavidJo52951945
683265933557633024,LeaveEUofficial
683266231143632896,FaullJonathan
683266231143632896,DancerGuard
683266231143632896,Y_Eurosceptics
683266650687311872,raf1955
683266650687311872,yueyuea
683282526820020224,IrishTimes
683283061870587904,SPIEGELONLINE
683268232929775616,JerryHicksUnite
683284257092038656,StrongerIn
683284257092038656,edwardlucas
683269784063062016,youtube
683285409376374784,becksthfc
683286115319689216,kirstymhall
683286115319689216,Sheffield_Kevin
683289336582959104,forbes
683275471358918656,RuadhanIT
683275471358918656,Number10gov
683275471358918656,UKParliament
683275894601957376,LouiseMensch
683275999639932928,SuzanneEvans1
683280641841037312,BBCRadio4
683283603019722752,2tweetaboutit
683283603019722752,KateHoeyMP
683283703079006208,RedHotSquirrel
683283703079006208,MLiebreich
683298913084899328,SusanSibborn40
683287453893963776,LeaveEUofficial
683287765451055104,LeaveEUofficial
683292709629591552,Students4Europe
683292709629591552,edwardlucas
683309300673032192,rupertmurdoch
683309300673032192,rorybroomfield
683310392215470080,AndrewAtter
683310392215470080,SimonGosden
683310392215470080,stopUKIPUK
683310392215470080,WomenDefyUKIP
683298298854273024,sundaybusiness
683305070918774784,EU_Justice
683305518023204864,lsepoliticsblog
683322540429864960,IrishTimes
683307738659569664,BrexitWatch
683307738659569664,eurocrat
683307738659569664,vote_leave
683307738659569664,MarkKleinmanSky
683324580979707904,Ariachetira
683324580979707904,fattoquotidiano
683326627355455488,gayhuss
683313632399224832,LeaveEUOfficial
683315347508850688,Johnnydub69
683315347508850688,MrRae1000
683330644802433024,WNLOpZaterdag
683316599038816256,mrbrexit
683317700819554304,labourleave
683317700819554304,DanHannanMEP
683317700819554304,GawainTowler
683318293642489856,howardmfarmer
683318293642489856,Hells4Heroes
683318293642489856,pimpmytweeting
683319848923955200,Johnnydub69
683321867978051584,STAFFICONS
683323250915557376,DanHannanMEP
683323250915557376,UK_Awakening
683323250915557376,SuzanneEvans1
683323250915557376,vote_leave
683324350905344000,EFTA4UK
683324350905344000,labourleave
683324350905344000,afneil
683324350905344000,KateHoeyMP
683330103875649536,EuroGuido
683330103875649536,julia_reid
683330103875649536,labourleave
683330103875649536,KateHoeyMP
683346165472038912,MarietjeSchaake
683346165472038912,StevePeers
683333842917289984,TaleahPrince
683349262772645888,BBCParliament
683339246137049088,LeaveEUofficial
683339437661642752,RuadhanIT
683339437661642752,IrishTimes
683339437661642752,CCBSCrossBorder
683357655256137728,thcollective
683358439305797632,IrishTimes
683359070825353216,MrBrexit
683344789660635136,agapanthus49
683360278407450624,TonyE_42
683351965020073984,MrBrexit
683368784837488640,YouTube
683368784837488640,bushpirateblitz
683358288449241088,DownGoesBrown
683359504793268224,minefornothing
683375325280088064,IrishTimes
683378907169558528,goatbusters5
683378907169558528,PeteNorth303
683378907169558528,Arron_banks
683380319572103168,lewgmiller
683380319572103168,Scientists4EU
683367267288088576,Scientists4EU
683384098723868672,thcollective
683385068161728512,TeresaKuchler
683385068161728512,henrikbrors
683370221210591232,2tweetaboutit
683370221210591232,Nigel_Farage
683370862351925248,BirkbeckNews
683370862351925248,Keir_Starmer
683371040874082304,Arron_banks
683372294459289600,sametoyoutoo
683372294459289600,2tweetaboutit
683372294459289600,MrBrexit
683372503503384576,realdealdanny
683372503503384576,MikkiL
683374493427961856,Itwitius
683389737139191808,MaryCMurphy
683375289703923712,OkKelly22
683375289703923712,annispice
683375289703923712,fhollande
683390590369820672,IBTimesUK
683390905475317760,falgal
683390905475317760,missbracy
683390905475317760,DanHannanMEP
683390905475317760,SuzanneEvans1
683391565407105024,polemicablog
683391565407105024,rdrake98
683391565407105024,LouiseMensch
683391930902908928,Fight4UK
683391930902908928,LesleyMillercyp
683391930902908928,Nigel_Farage
683391930902908928,LeaveEUOfficial
683378071085432832,LeaveEUofficial
683378877473931264,LeaveEUOfficial
683378877473931264,stardust193
683381141223636992,Polly_Politics
683381141223636992,Lou_i5e
683381151503876096,rdrake98
683381151503876096,LouiseMensch
683383370483654656,CBItweets
683383370483654656,RiversJon
683383370483654656,SkyNews
683383370483654656,MarkKleinmanSky
683384248619896832,Nigel_Farage
683384248619896832,Telegraph
683384858438156288,robggill
683384858438156288,LouiseMensch
683389127690162176,EndaKennyTD
683389725172961280,LeaveEUOfficial
683404923883622400,IrishTimes
683407792863055872,ScienceBritain
683411368633065472,pperrin
683411368633065472,Arron_banks
683397571088351232,PeteNorth303
683397571088351232,Arron_banks
683397946084339712,heatherm999
683398100778631168,polemicablog
683398100778631168,rdrake98
683398100778631168,LouiseMensch
683415671607275520,PeteNorth303
683415671607275520,eureferendum
683416217604997120,sametoyoutoo
683416217604997120,MrBrexit
683416217604997120,2tweetaboutit
683405120466489344,ruadhanit
683405120466489344,IrishTimes
683422262922481664,NIAbbot
683422262922481664,lbc
683429449598107648,StrongerIn
683429452877922304,ShippersUnbound
683429452877922304,EFTA4UK
683430893428543488,YouTube
683418450077810688,notquitelocal
683418450077810688,Sherbs1
683418737010163712,Sherbs1
683419943715618816,notquitelocal
683419943715618816,Sherbs1
683419943715618816,GuernseyPress
683422343809634304,TheWelshPatriot
683422343809634304,JamesMcHaleUK
683438688429293568,RedHotSquirrel
683438688429293568,SHopkins_BREXIT
683438688429293568,BizNetSC
683438688429293568,PhebeOhYes
683425578364616704,TheWelshPatriot
683425578364616704,JamesMcHaleUK
683426858311004160,RuadhanIT
683426858311004160,IrishTimes
683428397092081664,ALISHAMARIE
683428873967681536,TheWelshPatriot
683428873967681536,JamesMcHaleUK
683446245109723136,Y_Eurosceptics
683431602060328960,Clavranos
683437308239081472,igeldard
683437308239081472,HouseofTwits
683437308239081472,LeaveEUofficial
683437773550911488,lszlek
683437773550911488,hedgefunder1
683457949994487808,Akabilky
683457949994487808,Scientists4EU
683443654342668288,chrisriddell50
683463079137538048,IrishTimes
683448939945660416,ucl0071
683452601963249664,guardian
683454424405176320,PeteNorth303
683454424405176320,eureferendum
683474871456821248,Akabilky
683474871456821248,eureferendum
683474871456821248,PeteNorth303
683473250932932608,MailOnline
683499243584225280,David_Cameron
683499243584225280,Nigel_Farage
683528628974555136,IrishTimes
683542785513881600,eureferendum
683542785513881600,PeteNorth303
683542785513881600,uktostayeu
683542785513881600,euromove
683547550104817664,euromove
683547550104817664,uktostayeu
683561933811888128,Arron_banks
683561933811888128,BrexitMyths
683562482615619584,L6HJH
683563460039344128,SundayTimesScot
683564634423582720,IrishTimes
683565052230807552,thesundaytimes
683552195426521088,LesleyMillercyp
683552817865347072,thestreamguru
683552817865347072,LouiseMensch
683554801548955648,DavidTrevor10
683554801548955648,Number10gov
683557541503209472,LesleyMillercyp
683559950874968064,PaulHenriCadier
683565798355501056,CaitlinNonie
683565798355501056,Scientists4UK
683565798355501056,UniversitiesUK
683567276696678400,BLMEplc
683582884976955392,Fotbollsgras
683568354095960064,eureferendum
683584252475240448,GuidoFawkes
683584690071179264,GuidoFawkes
683585026328494080,GrillingKippers
683585026328494080,aluneurig
683585940422529024,GrillingKippers
683585940422529024,aluneurig
683571994206564352,guardian
683572180798554112,ComediansForYes
683572180798554112,jakesmith2831
683572180798554112,liz6153
683574028498505728,Voteyoufool
683589828831768576,roberts682
683589828831768576,RJezzer
683590200929447936,MargotLJParker
683590233938591744,la_stampa
683590377966809088,missbracy
683590377966809088,falgal
683590377966809088,DanHannanMEP
683590377966809088,SuzanneEvans1
683591806295105536,thecentreline86
683591806295105536,RJezzer
683591844920487936,IrishTimes
683577806329135104,guardian
683595242960977920,stephenkb
683596462509416448,AnnLeopards
683581679965962240,ProfChrisScott
683599958998581248,simoni73
683600638941507584,simoni73
683600638941507584,la_stampa
683586061352722432,freddygilbs
683586061352722432,PowellPolitics
683586061352722432,StrongerInPress
683601284692373504,yeojahcf
683601429349707776,lucycthomas
683602089327640576,MeAndMyGirlsSG
683602089327640576,freddygilbs
683587340191838208,2tweetaboutit
683588498172022784,Gaueko2
683588498172022784,raitoringo
683588498172022784,DosTetas
683588498172022784,yulianovafan
683588498172022784,GB_loverboobs
683588498172022784,igb4309072
683588498172022784,Witchkink00
683588498172022784,diegokam74
683588901844418560,alexpstory
683604179663847424,stephenkb
683589843688009728,thecentreline86
683589843688009728,RJezzer
683590449450336256,PABLICATESSEN
683590449450336256,pablog_
683590454714220544,roberts682
683590454714220544,RJezzer
683590593629564928,freddygilbs
683591502606499840,roberts682
683591502606499840,RJezzer
683592489274585088,roberts682
683592489274585088,RJezzer
683592867344965632,roberts682
683592867344965632,RJezzer
683610838087909376,MrBrexit
683610838087909376,2tweetaboutit
683610838087909376,sametoyoutoo
683596706102030336,TheSun
683596732601602048,JPonpolitics
683612393713307648,la_stampa
683597757358145536,stephenkb
683599944834510848,guardian
683615297555808256,WSJ
683601195815010304,mirrorlady2
683601195815010304,MikkiL
683601195815010304,2tweetaboutit
683601513453846528,freddygilbs
683617601495392256,Hugodixon
683617608755744768,LeaveEUOfficial
683602745027354624,ScienceBritain
683618486019584000,roberts682
683618486019584000,RJezzer
683604234256932864,aronftaylor
683604234256932864,Teenie6619Tina
683623179659640832,MchughJess
683608326387675136,uli_speck
683623712239824896,LeaveEUOfficial
683608839527239680,KarinBGraham
683608839527239680,surferchecker
683608839527239680,Juliet777777
683624036455301120,Phillip_Blond
683624036455301120,oditorium
683624036455301120,Gilesyb
683608974059540480,Nigel_Farage
683608974059540480,LBC
683624652120428544,NoThanksEU
683624652120428544,2tweetaboutit
683624652120428544,DailyMirror
683625675400544256,elpuntavui
683611851205296128,LBC
683611851205296128,Nigel_Farage
683611851205296128,jeremycorbyn
683627648795455488,JsRUK
683627648795455488,Telegraph
683627705712119808,David_Cameron
683627705712119808,uli_speck
683613024993820672,FatomaMb
683613154601910272,OrbeaErnie
683614203110944768,fleming77
683629325942407168,ruadhanIT
683629325942407168,IrishTimes
683614688756772864,RichardJMurphy
683614688756772864,David_Cameron
683615258427158528,LBC
683615258427158528,Nigel_Farage
683615411523481600,harryaldridge
683615411523481600,uniforbritain
683615411523481600,SteveBakerHW
683615411523481600,DanHannanMEP
683615482709172224,jeanniejuno
683616813612183552,jeanniejuno
683617303880142848,Nigel_Farage
683617303880142848,LBC
683632505589731328,GerryHassan
683632505589731328,stephenkb
683617986985328640,OrbeaErnie
683633464898392064,falgal
683633464898392064,missbracy
683633464898392064,DanHannanMEP
683633464898392064,SuzanneEvans1
683620155998507008,uniforbritain
683620950315773952,vote_leave
683623547445637120,AndyCavster
683623547445637120,T_Veiga
683623547445637120,David_6878
683638954093088768,IBTimesUK
683640750718976000,jeremycorbyn
683628277571960832,Hugodixon
683630051259236352,hetty_getty
683630051259236352,FamilyLawClinic
683645861772025856,SPIEGELONLINE
683645898270834688,ChrisCr711
683645898270834688,mikecoulson48
683645898270834688,garrodt
683645898270834688,GraceMurphy2
683645898270834688,steflehmann
683632780622823424,liam345
683648463247175680,WSJ
683648463247175680,willis
683650102938996736,stephenkb
683652988909518848,AlexKane221b
683652988909518848,irish_news
683637899460505600,uli_speck
683637899460505600,guardian
683655210422681600,2tweetaboutit
683640169879191552,balchinlawyer
683640169879191552,sciencebritain
683655976189341696,flexdream
683655976189341696,Untidy_mind
683655976189341696,TheSun
683656182305832960,la_stampai
683656531913650176,hairytrainfairy
683656531913650176,Scientists4EU
683641797780856832,MailOnline
683657833079017472,Watforddogs
683657833079017472,missbracy
683657833079017472,DanHannanMEP
683643333521096704,RCorbettMEP
683660621758492672,carolynquinncq
683660621758492672,BBCRadio4
683661327836049408,stardust193
683646242656776192,tomja07
683646242656776192,LBC
683646686753853440,Arable_Farmer
683651146351816704,MailOnline
683651633545375744,RedHotSquirrel
683651633545375744,Independent_ie
683668042530684928,KentAnder
683669989258297344,gmail
683656025715650560,SunPolitics
683656946810023936,HuffPostUKPol
683673471583424512,la_stampa
683675683328028672,StuartAHutton
683675683328028672,mikebutcher
683676002065715200,publizistikon
683676002065715200,darksideoftheeg
683661536745918464,blackhawkinc
683663686444183552,Infoconte
683678821279756288,hrryjddz
683664541625004032,odysseanproject
683664603902021632,SimonGosden
683664603902021632,realdavedoubleu
683680135363428352,Reuters
683680470744326144,StuartAHutton
683680470744326144,mikebutcher
683681631735943168,AlertNet
683683365367726080,StuartAHutton
683668465387978752,WilliamsJon
683668465387978752,Ireland
683668793416151040,ScienceBritain
683668793416151040,freddygilbs
683684150398840832,SlawomirDebski
683684150398840832,jancienski
683684197769330688,Reuters
683686440996335616,costello_jn
683687055986012160,Reuters
683687055881183232,Reuters
683687625920655360,BAP_Daehyun
683688152826015744,Uncle_Cavtastic
683688345302626304,ReutersUK
683688546117488640,LeaveHQ
683688712794836992,_feedspot
683673728555810816,ScienceBritain
683673728555810816,freddygilbs
683677731574411264,Telegraph
683692906549493760,tobyhelm
683692906549493760,yanisvaroufakis
683679896296636416,ScienceBritain
683695425023545344,ReutersUK
683680633575571456,ScienceBritain
683680662067494912,simon4124
683680662067494912,suekenmax
683680662067494912,OkKelly22
683704375039008768,AUSCITY_Forums
683691443630829568,ScienceBritain
683706630819721216,CoryllusGm
683706778429816832,IrishTimes
683707339946369024,Reuters
683694414003310592,ScienceBritain
683709840284336128,NewYorkSun
683695110954024960,Fight4UK
683710308746137600,Taddl
683710593984020480,ReutersWorld
683712307642372096,AUSCITY_Forums
683697668527386624,wheeliedealer
683713558765514752,ToryAdviceline
683715924550090752,steinbock41
683716058793013248,Reuters
683718957409382400,Eagles
683704057052184576,MSmithsonPB
683705451888906240,TheresaMEP
683720678261026816,LocutusBrussels
683720678261026816,RedHotSquirrel
683720733319688192,ReutersUK
683705910120853504,paulnuttallukip
683706671970009088,hertsfarming
683722414010798080,Reuters
683724296640983040,Reuters
683724710681509888,Reuters
683726872786669568,Reuters
683727137094922240,FT
683712724757524480,LeaveEUOfficial
683713193009491968,AMcCaig_IG
683728622939713536,ReutersUK
683728807883337728,Reuters
683713953801842688,Reuters
683729590221713408,Dorota2604
683729723495706624,georgemagnus1
683729723495706624,jdportes
683730116057415680,Reuters
683730887914188800,Arable_Farmer
683730887914188800,pippartridge
683730887914188800,hertsfarming
683717292795019264,eureferendum
683732499667808256,Reuters
683719941544087552,ThomasEvansUKIP
683719941544087552,RussellSFC
683738136455868416,Reuters
683738596680052736,StuartAHutton
683738596680052736,AndrewAtter
683738658898341888,FT
683739031360958464,jotunheim_
683739205009281024,Reuters
683724674782593024,LVIaLondres
683741542083854336,economistmeg
683741542083854336,uli_speck
683728263483637760,MhairiHunter
683728263483637760,rosscolquhoun
683744578445393920,LeaveEUOfficial
683744578445393920,AntiRacismDay
683730114274693120,Simon_Gardner
683730114274693120,Arron_banks
683730114274693120,Nigel_Farage
683730114274693120,EUscepticInUSA
683731948255244288,DouglasCarswell
683731948255244288,Nigel_Farage
683747146202497024,romanimielski
683747146202497024,ko_grzegorz
683747146202497024,Piotr_Maciazek
683748279218237440,BrexitWatch
683748318342680576,DAaronovitch
683748318342680576,dsmitheconomics
683734909614190592,Nigel_Farage
683750009112772608,PetrosTovmasyan
683750009112772608,katarynaaa
683753563693158400,FRLiga
683738924028706816,UniversitiesUK
683755300734787584,FT
683740795019653120,GeraldNGOM
683740795019653120,sucharov
683740795019653120,NGOMonEurope
683740795019653120,eu_eeas
683756419070312448,jdportes
683742028673474560,cerenomri
683757532100296704,PatrykGorgol
683757532100296704,MSZ_RP
683758826244435968,romanimielski
683760151812259840,Reuters
683760830433857536,lucycthomas
683747483235803136,LeaveEUOfficial
683748269462319104,David_Cameron
683764687813607424,ChrisGiles_
683764687813607424,MrRBourne
683765123052367872,jakimccarthy
683765123052367872,LabourOutOfScot
683765123052367872,JohnSwinney
683751633734504448,DanJukes17
683751633734504448,StrongerInPress
683753167847329792,Ninepenneth
683753167847329792,jannycat
683753167847329792,henryhtapper
683770349545254912,AndyBelfast
683770349545254912,BeattieDoug
683771511849746432,Nigel_Farage
683771511849746432,Fight4UK
683757843628081152,yorkshirebec
683775446262087680,smithnicole896
683775446262087680,AndrewAtter
683775634393411584,AndyBelfast
683775634393411584,BeattieDoug
683776693090291712,ReutersUK
683761890489708544,FT
683762202831118336,Reuters
683777743352389632,Nigel_Farage
683777743352389632,Fight4UK
683777974261411840,BBCWestminHour
683780357901135872,Irene_Koene
683780357901135872,DordtsePolitiek
683780357901135872,JohnvdNet
683780357901135872,PetervanderLeer
683766606946779136,ThorpeLynden
683766606946779136,RichardAENorth
683786128827224064,Damage_13
683786128827224064,Josh_Magosh
683786128827224064,PeteNorth303
683771169816850432,DanHannanMEP
683775481083260928,steve_hawkes
683790877987319808,CasMudde
683779000326467584,LordAshcroft
683779000326467584,David_Cameron
683780176174551040,gavthebrexit
683780235767209984,BrexitWatch
683780263638396928,DouglasCarswell
683780395574386688,vocidallestero
683780474846711808,IvanaBartoletti
683780486510972928,David_Cameron
683780851411324928,Paola27De
683780912602058752,p_padalino
683780966603710464,gustinicchi
683781017564508160,guglielmopicchi
683781069246697472,luigibille1
683781145025187840,GaglioneAlex
683781528401362944,NoThanksEU
683796693381476352,Nigel_Farage
683782559768178688,IGhiosso
683782900265934848,SocieteGenerale
683782900265934848,eLabEurope
683782900265934848,TheGoodLobby
683799844171984896,StefanoFugazzi
683799844171984896,ImolaOggi
683803147421282304,Linformatrice
683807042537046016,Reuters
683792446401175552,tuytuno
683792446401175552,OneToreroMas
683807690695512064,Democracy4evaUk
683795232144658432,JamesMcHaleUK
683815310244331520,zelazna_logika
683815310244331520,Bart_Wielinski
683815420290273280,YouTube
683805597976924160,DavidJo52951945
683805941414936576,DavidJo52951945
683807200410611712,LeaveHQ
683816407415537664,ElContador2000
683816407415537664,Nigel_Farage
683819557178458112,LouiseMensch
683819557178458112,UKLabour
683834808573779968,ddelfirodriguez
683834808573779968,LoliFolegotto
683824493710721024,MissLilySummers
683824493710721024,eurocrat
683825162836439040,ElContador2000
683825162836439040,Nigel_Farage
683859002975989760,truemagic68
683866225370349568,Pinterest
683874141187903488,gregorymckenna
683874141187903488,AxiTrader
683879432512114688,DaveVK2
683879432512114688,ChrisWeston_IG
683879432512114688,AxiTrader
683879626049888256,yudaichin
683880771468132352,FT
683891188747878400,scotnational
683892036538269696,FT
683898831055024128,Camz99
683884835207708672,Breakingviews
683887487488503808,_therealamate
683891188940804096,DeloitteUK
683891188940804096,Deloitte
683893160838361088,wmsolomon
683908286077337600,markets
683910964970917888,marktpirate1
683912031104315392,ConHome
683899525589786624,Channel4
683917259694276608,BV
683920761556434944,FT
683905806161580032,richardcalhoun
683905806161580032,bullxead
683906192498933760,BV
683906193430048768,LeaveEUOfficial
683921785440567296,FT
683925821648691200,DavidJo52951945
683911069182590976,duncanrobinson
683928394124423168,DavidJo52951945
683928394124423168,geertwilderspvv
683928394124423168,PVVvideos
683928394124423168,BrexitWatch
683928394124423168,LeaveEUOfficial
683928394124423168,Brexit_News
683928394124423168,leave
683928506229755904,maggiepagano
683928999312113664,bernardjenkin
683928999312113664,thetimes
683929619196690432,bebbington
683930895259144192,scotnational
683931276018061312,lemondefr
683932236220121088,WomenDefyUKIP
683932236220121088,UKIPPOOLE
683932236220121088,local_hub
683932425118990336,FT
683932425118990336,DeloitteUK
683932616186269696,WomenDefyUKIP
683932616186269696,UKIPPOOLE
683932616186269696,local_hub
683933715949613056,Telegraph
683933734861672448,UKIPPOOLE
683933734861672448,WomenDefyUKIP
683933734861672448,local_hub
683919346775756800,scoopit
683935412256129024,ScotNational
683936217801601024,annietrev
683936217801601024,moneyweek
683921217951240192,scoopit
683936538774925312,SamCoatesTimes
683936538716168192,SamCoatesTimes
683922166216278016,Samson1176
683937866171461632,LetsLeaveEU
683922902979375104,DavidHeadViews
683924555589652480,ekblja
683924583817297920,LeaveEUOfficial
683924583817297920,Foxgoose
683940568842506240,MailOnline
683925474955886592,uli_speck
683925474955886592,guardian
683940871381848064,Telegraph
683941210654949376,2tweetaboutit
683941210654949376,euobs
683942243468709888,UKandEU
683942255502163968,BetterOffOut
683942363585212416,MailOnline
683942912456011776,washingtonpost
683942912456011776,griffwitte
683944095925035008,ConHome
683929138823065600,timeshighered
683929681406627840,maggiepagano
683947000807723008,ThisIsMoney
683947707841536000,NewHopeImagines
683947707841536000,NewHopeGeorge
683947707841536000,NewHopeBlake
683947707841536000,NewHopeReece
683947707841536000,NewHopeClub
683948138248429568,astrotomato
683948593645010944,OMFIF
683949445650759680,BAinDiplomacy
683935441716940800,MchughJess
683935441716940800,IBTimes
683936091553017856,local_hub
683936091553017856,UKIPPOOLE
683936859093909504,EUlondonrep
683936952509411328,griffwitte
683936952509411328,washingtonpost
683937080448122880,UKIP
683937080448122880,Nigel_Farage
683952312331702272,FT
683952312331702272,labour4europe
683937685069758464,MargotLJParker
683937685069758464,2tweetaboutit
683937685069758464,BreitbartNews
683938256191369216,BTabrum
683939013309394944,MailOnline
683954150774829056,Telegraph
683954326595829760,sharethis
683939566085124096,Daily_Express
683939873066205184,agapanthus49
683939873066205184,LetsLeaveEU
683941208880726016,timeshighered
683956553792237568,alexsakalis
683956553792237568,yanisvaroufakis
683957071499399168,artomczynski
683957071499399168,ZdzKrasnodebski
683957133545762816,Forbes
683942177995624448,itvnews
683942177995624448,GMB
683944090568896512,eureferendum
683944090568896512,LeaveHQ
683944090568896512,ilo
683960019495350272,WitchEnd
683960019495350272,ABitOfBlossom
683945274058895360,RuadhanIT
683945333467013120,lodocomello
683961157015724032,ThisIsMoney
683947129660923904,FT
683948425600208896,_FinancialWorld
683964133478367232,ABitOfBlossom
683964133478367232,WitchEnd
683964206811594752,SamCoatesTimes
683965055755522048,928ster
683950246078971904,uli_speck
683950246078971904,TrnsAtlantic
683966596352708608,IrishTimes
683951647287066624,FT
683967153297461248,ThisIsMoney
683968065986506752,RichardAENorth
683968065986506752,WhiteWednesday
683953079805456384,JRLHarris
683953079805456384,JamesMcHaleUK
683968247776030720,MikeARPowell
683968247776030720,JamesMcHaleUK
683968247776030720,SLATUKIP
683970039477846016,paget_old
683970069752365056,marcuschown
683970069752365056,delphicfart
683956055395586048,MailOnline
683972495582597120,Telegraph
683957943214145536,FT
683958600897789952,PowellPolitics
683958600897789952,UKIP
683975403346726912,UK_FMP
683976185773187072,taloussanomat
683961113533366272,FT
683961838720135168,TheShareCentre
683978907410935808,Reuters
683964062892429312,GuyJohnsonTV
683964234863120384,StrongerIn
683964739639185408,WSJ
683980660969725952,IgnatiusPost
683980660969725952,POTUS
683980660969725952,JohnKerry
683982542404337664,GreekAnalyst
683967664423858176,johndredge
683983090344148992,Instapaper
683983248205213696,montie
683983248205213696,FT
683983248205213696,CapX
683983563847524352,ICMResearch
683983563847524352,guardian_clark
683984571252256768,MikeARPowell
683984571252256768,PowellPolitics
683984571252256768,UKIP
683970348384174080,Telegraph
683974998827089920,TechLondonAdv
683990648341540864,subtel1
683990648341540864,FiveRights
683976138293645312,Number10gov
683991354070843392,conhome
683977147371909120,timeshighered
683992435966521344,bv
683993803582234624,Guedella
683994877902864384,lostleonardo
683980926448201728,I_W_M
683982301693382656,StrongerIn
683983104508334080,CityAM
683998298533965824,ShhhhItsPeachy
683983361988259840,eureferendum
683983361988259840,LeaveHQ
683983361988259840,ilo
683986026734469120,realDonaldTrump
683986026734469120,VVD
684001183648886784,getbritainout
684001309951967232,stephenkb
683986488434937856,thisismoney
683986612322177024,dunstablian
683986612322177024,UKIP
684003442558431232,SouthEastAsia46
683988795432239104,Hugodixon
683988795432239104,guardian
683988917440385024,DailyMailUK
683989338254884864,DrGABaines
683989338254884864,RedHotSquirrel
683989338254884864,Fight4UK
683989338254884864,andywigmore
684005448714948608,deanofsurrey
684005536703070208,BV
684006887545794560,stephenkb
684007065874989056,FT
684007137928953856,ThisIsMoney
684008514285613056,politicshome
684008514285613056,David_Cameron
683994136479936512,ITVCentral
683995089107062784,eu_today
684012700075208704,MrBrexit
684012700075208704,scottmannmp
684013090657165312,the_psyentist
683998501265653760,wblau
683998618651615232,TheCommentator
684015256490893312,TheCommentator
684015256490893312,GetBritainOut
684016038946729984,maggiepagano
684016038946729984,eFinancialNews
684001020335239168,David_Cameron
684003769705738240,DavidJo52951945
684003769705738240,Telegraph
684003841172463616,Vote_LeaveMedia
684003841172463616,SteveBakerHW
684020023954923520,IrishTimes
684008721727516672,IrishTimes
684008721727516672,MaryCMurphy
684009063236169728,YouTube
684024242418106368,uli_speck
684024242418106368,guardian
684009318442774528,Nouriel
684024545536258048,BreitbartNews
684010713128529920,MaryCMurphy
684010910201991168,Nouriel
684011504111325184,StrongerIn
684012731305967616,StrongerIn
684013952066531328,juancrack17
684013952066531328,paulinarce
684030338771857408,natalieben
684030338771857408,ClareXFerguson
684015787988905984,MrBrexit
684015787988905984,RedHotSquirrel
684018460372922368,mometfisher
684018460372922368,Deloitte
684018933763014656,RedHotSquirrel
684018933763014656,PoliticsSense
684020327555403776,thesundaytimes
684035926255910912,CityAM
684021160862986240,ChrisGiles_
684037984874819584,ScotNational
684037984874819584,Earindill
684038459451949056,gideonrachman
684023543424770048,wef
684023801898774528,NIESRorg
684025793492680704,RichardAENorth
684025793492680704,English_Woman
684026581254148096,johnvanreenen
684026581254148096,CEP_LSE
684027570980012032,2tweetaboutit
684027799024320512,cvalentine2013
684027799024320512,VeIvetRose
684043058246234112,Independent
684028602237718528,BolsoverBeast
684028602237718528,UKIPPOOLE
684044724978716672,iDNEScz
684045428040404992,rarasathie_
684045958099939328,paulmasonnews
684031087799091200,UKIP
684031122855079936,eureferendum
684031122855079936,natalieben
684047169205211136,CityAM
684032660616929280,CllrBSilvester
684033336323473408,SonyTV
684033336323473408,BodhitreeM
684033336323473408,YashAPatnaik
684033336323473408,SBSABPNews
684033336323473408,tellychakkar
684048697810894848,CityAM
684048928531165184,CityAM
684034633500069888,vote_leave
684034633500069888,cmackinlay
684049805014876160,BobbyScheepe
684050153469308928,CityAM
684050249862766592,guardiang2
684050249862766592,paulmasonnews
684050788885250048,bbki2611
684050788885250048,geula4
684035953380462592,J_Bloodworth
684035953380462592,JackyHolyoake
684035953380462592,Conservatives
684051832885350400,AdamPosen
684051832885350400,FinancialTimes
684053195279233024,wallstreetita
684038225690771456,JamesMcHaleUK
684053559546122240,ThisIsMoney
684053748243677184,ianbremmer
684053951608537088,guardian
684038943688515584,DavidJo52951945
684038943688515584,Fight4UK
684055646396899328,Reuters
684041164866097152,guardian
684041425177186304,thestreamguru
684041425177186304,euronews
684041451982995456,lifeasnowtime
684041451982995456,scotlandbest
684056586097135616,jdportes
684056586097135616,MrRBourne
684042301723643904,wwwfoecouk
684057862805442560,rarasathie_
684043127804575744,UKIP
684058378948210688,simon_ball46
684058378948210688,J_Bloodworth
684043849367445504,richardcalhoun
684043849367445504,Cllrporter
684043849367445504,minefornothing
684043849367445504,Nigel_Farage
684059242777686016,CityAM
684045490384678912,ThomasEvansUKIP
684045490384678912,UKIP
684046161561403392,lsebrexitvote
684061336419086336,Simtho_NM
684046427811672064,ThomasEvansUKIP
684046621093543936,ThomasEvansUKIP
684046621093543936,UKIP
684049072060157952,JamesCleverly
684064173458874368,MailOnline
684052606730256384,FT
684053044707897344,TelegraphWorld
684053044707897344,john123456546
684053044707897344,mattholehouse
684053776530051072,LSEpoliticsblog
684053776530051072,Conservatives
684054436365398016,paulmasonnews
684054663533072384,UKPoliticsLive
684054663533072384,domdyer70
684054663533072384,OReillyMiriam
684071212574740480,JMCarzolio
684071212574740480,YoInvierto
684071212574740480,popelko
684056696231178240,FT
684056841769345024,Guardian
684073016234385408,mainedcm
684073016234385408,macmendoza75
684073016234385408,MAINEnatics_OFC
684073016234385408,Sweetlover1020
684073016234385408,22lyrs
684074669633368064,britainelects
684075758323654656,PaulioB
684076945202610176,MailOnline
684077885234266112,paulmasonnews
684062859102392320,FrancoisF24
684077979312472064,paulmasonnews
684063047263064064,DouglasCarswell
684063047263064064,betfair
684064667614998528,EUDebateNI
684064667614998528,EUOfficeNI
684064667614998528,StratagemInt
684065429598388224,JolyonMaugham
684065429598388224,britainelects
684067315537866752,paulmasonnews
684083473435488256,ncr16
684083473435488256,FionaMillsUKIP
684083578536353792,CityAM
684084803092758528,Cllrporter
684084803092758528,Blakenburg8
684084803092758528,BBC
684084803092758528,DavidJo52951945
684072904305328128,StrongerInPress
684072904305328128,uktostayeu
684072904305328128,Vote_LeaveMedia
684072904305328128,BBCNews
684074377256787968,JRLHarris
684074377256787968,MikkiL
684074481627873280,mta_uk
684075786853322752,Mancman10
684092857456717824,BorisValls
684092857456717824,nachocorredor
684093487764107264,EslamZika2
684093487764107264,Husseinvich7
684078420435808256,BreakingEUNews
684094509559451648,MailOnline
684099517466193920,SputnikInt
684100060158779392,essexdb
684100060158779392,SlawomirDebski
684100060158779392,macsteed
684103594774278144,FLYNNRlDERS
684104739894759424,chrischeuermann
684104739894759424,EuroBriefing
684107255571202048,AndrewAtter
684107255571202048,michaelmilling6
684107255571202048,DavidHadley1973
684107255571202048,georgiagraham
684092880986701824,dinky1950sf
684092880986701824,chuckyobama
684109990051864576,AndyBelfast
684109990051864576,BeattieDoug
684111790892974080,Reuters
684097961282895872,Rtorres313
684097961282895872,juliotrouxa
684101839269294080,ExposingBBC
684104009100201984,TiniStoessel
684119365231448064,CityAM
684119492448890880,11valentine
684119492448890880,JRLHarris
684120828078911488,ftcomment
684120828078911488,Jderbyshire
684123977648861184,LesleyMillercyp
684111845129613312,paulmasonnews
684127013884526592,guardian
684128002955984896,jordanfurniss
684128002955984896,CapX
684128293990326272,ZSchneeweiss
684128293990326272,BloombergTV
684128293990326272,ianbremmer
684128293990326272,tomkeene
684128293990326272,flacqua
684114323183042560,FergusMason1
684129706149543936,bernardjenkin
684129706149543936,vote_leave
684115061242212352,captain_europe
684116122732474368,prospect_uk
684116122732474368,Scientists4EU
684132467436040192,signaturereads
684133090055352320,AndyBelfast
684133090055352320,BeattieDoug
684118003563245568,giancarlolaroc2
684118003563245568,britinfluence
684133991839084544,paulmasonnews
684119803431415808,WhiteWednesday
684119803431415808,SebastianEPayne
684135827975368704,eureferendum
684135827975368704,britishfuture
684120854469455872,JRLHarris
684137674593177600,AndyCavster
684137674593177600,Akabilky
684137674593177600,T_Veiga
684137674593177600,David_6878
684139213609119744,sundersays
684139213609119744,jdportes
684139213609119744,eureferendum
684139213609119744,britishfuture
684139682712694784,edwardnh
684140096744996864,AndyBelfast
684140096744996864,BeattieDoug
684140096744996864,Keith1989_
684141287365283840,Iskandr_Whatevr
684127130096123904,DavidPrescott
684127130096123904,LincolnLabour
684147335933263872,FT
684147335933263872,OxfordTax
684132426310905856,Hugodixon
684134714832252928,leaveHQ
684136062961192960,pperrin
684137592980434944,Rochell3green
684137592980434944,PimlicoPlumbers
684153656111984640,AndyBelfast
684153656111984640,BeattieDoug
684153656111984640,Keith1989_
684139879429726208,LouiseMensch
684139879429726208,David_Cameron
684140455165063168,dinky1950sf
684140455165063168,annispice
684140455165063168,jonathanharmer
684155801209061376,Nigel_Farage
684155801209061376,LiamFoxMP
684157350236782592,Orwellian_EU
684160032104144896,CityAM
684161987622744064,SkyNews
684147339108429824,BelTel
684147451310260224,eurocrat
684147451310260224,BrexitWatch
684153709182480384,britishfuture
684169254040694784,paulmasonnews
684172489413414912,FinancialReview
684158641163907072,AndyCavster
684158641163907072,T_Veiga
684158641163907072,SuperbikeAl
684158641163907072,David_6878
684161295583735808,DouglasCarswell
684176463998877696,TrioMarkets
684167525454753792,David_Cameron
684188026050838528,StaffanG_son
684188026050838528,JosefinUtas
684174320713613312,smh
684174320713613312,theage
684175461094666240,FinalCallFilm
684175461094666240,PhilipdClarke
684185940747776000,Rochell3green
684185940747776000,PimlicoPlumbers
684207968569524224,BTCTN
684209193650356224,lionelbarber
684197051354234880,LeaveEUOfficial
684226776172597248,lilyvettefl_
684226328304979968,CravenGriffiths
684226328304979968,cheekylatte
684226328304979968,Nigel_Farage
684226328304979968,SkyNews
684226328304979968,SLATUKIP
684242939304775680,of_plan
684263157557293056,truemagic68
684264028588367872,MailOnline
684264406541295616,Bankofengland
684264406541295616,ReutersUK
684269701996896256,paulmasonnews
684254609737682944,smh
684271776227012608,ConHome
684278098641186816,MailOnline
684280452434231296,MichelleDewbs
684280452434231296,MartinDaubney
684282161554436096,TeleFinance
684282258233147392,OliverKamm
684283680697614336,conhome
684269471381471232,POLITICOEurope
684284671258136576,Ruud_Terphuis
684284671258136576,geertwilderspvv
684284671258136576,NOS
684270102389354496,ThisIsMoney
684287383383183360,Rochell3green
684287383383183360,PimlicoPlumbers
684274442344738816,DeloitteUK
684291846617624576,Telegraph
684292562203611136,FT
684294419361718272,FT
684280652754190336,alfisutton
684280652754190336,annispice
684280652754190336,jonathanharmer
684281120532344832,scoopit
684281439446282240,DavidAGunn1
684281439446282240,Cllrporter
684282467348529152,TheWeekDay
684282712463683584,ZacGoldsmith
684298036462366720,agrilandIreland
684283282599600128,ecfr
684298564315529216,OliverKamm
684298564315529216,thetimes
684299359173894144,Royston_Smith
684299956040118272,PhilKean1
684299956040118272,donnaariner
684299956040118272,Nigel_Farage
684301386478141440,morgenmagazin
684301386478141440,Bart_Wielinski
684302055410941952,Euractiv_FR
684302562305118208,MailOnline
684288441832607744,franceinter
684288441832607744,EdeMinuit
684303804578316288,UKandEU
684289122698170368,EwanLawry
684289122698170368,vote_leave
684289122698170368,cmackinlay
684289525120667648,Rochell3green
684289525120667648,PimlicoPlumbers
684290033352839168,Rochell3green
684290306188161024,FT
684305633441656832,CityAM
684290879016796160,Rochell3green
684290927859466240,NIESRorg
684291363194712064,Louisferns7
684308048924532736,bonn1egreer
684308048924532736,bloombergtv
684308444967485440,anandMenon1
684308444967485440,CityAM
684308444967485440,vote_leave
684293947284451328,samsonofsam
684293947284451328,Debmick1
684293947284451328,DavidJo52951945
684309280665788416,sole24ore
684310050211418112,SPIEGEL_English
684295344503521280,Deloitte
684295976253820928,Rochell3green
684296302868475904,gideonrachman
684296302868475904,FT
684312657747402752,SPIEGELONLINE
684297687647318016,SocieteGenerale
684312953684930560,OliverKamm
684312953684930560,thetimes
684313152654327808,tomfillis
684313152654327808,vote_leave
684313152654327808,cmackinlay
684313152654327808,SophieWarnes
684313820521742336,beckspritchard
684313820471422976,beckspritchard
684314477496528896,chambersstudent
684315799851384832,sole24ore
684300972500381696,sundersays
684300972500381696,eureferendum
684300972500381696,britishfuture
684301123130408960,Democracy4evaUk
684301123130408960,ThomasEvansUKIP
684316585675362304,JamesCleverly
684301925697859584,shjfrench
684301925697859584,eFinancialNews
684319289193721856,albe_
684320723431624704,reuters_co_uk
684320984510365696,SPIEGELONLINE
684320984262950912,SPIEGELONLINE
684321155180818432,JamesCleverly
684306344111943680,_tim_burke
684306344111943680,Lucymburton
684306426056019968,Bloombergtv
684307378418892800,Nigel_Farage
684322866159050752,TimesBusiness
684323191762882560,portlandcomms
684323191762882560,stephenwall34
684323201816629248,sole24ore
684323440124379136,MrHarryCole
684308699704365056,KSOOABS
684324041398812672,SPIEGELONLINE
684324809153601536,niknickerson
684325225379557376,ChrisGreenMP
684326569884663808,AndyCavster
684326569884663808,Akabilky
684326569884663808,David_6878
684326569884663808,T_Veiga
684326676990418944,tobyperkinsmp
684326676990418944,BBCBreaking
684311671880454144,BrusselsDaily
684327125403496448,JohnSpringford
684327125403496448,CER_IanBond
684327125403496448,David_Cameron
684327394837196800,afneil
684327394837196800,MichaelDugher
684327914507112448,markmackinnon
684328415558787072,andrew_lilico
684313793321549824,JPonpolitics
684328991864389632,ninojudge
684329646595411968,carlbildt
684329745350279168,DouglasCarswell
684329884244676608,philipjcowley
684329949570973696,paulmasonnews
684330075500720128,JohnSpringford
684330075500720128,CER_IanBond
684330075500720128,David_Cameron
684315071670005760,BBCRadio4
684315258434007040,eurobriefing
684316194053165056,David_Cameron
684316292459966464,DGDimitrakop
684316292459966464,UKLabour
684316292459966464,jeremycorbyn
684331527845613568,deanofsurrey
684331696536338432,matteorenzi
684331983598653440,OliverKamm
684332651503861760,carolynquinncq
684332651503861760,BBCRadio4
684317632334553088,ImIncorrigible
684318671997632512,BTCTN
684318671997632512,jamiecrypto
684334236581662720,ConHome
684319327391186944,LondonArt_Shop
684320363216539648,britishfuture
684320363216539648,RSylvesterTimes
684336205161447424,FT
684321445313261568,frieskaJKT48
684337621749907456,LSEpoliticsblog
684322983440183296,Casumptious
684322983440183296,Telegraph
684323152705515520,politicshome
684323152705515520,ZacGoldsmith
684323503080869888,georgegalloway
684338737346666496,iainmartin1
684338737346666496,chrisdeerin
684338737346666496,montie
684324065394462720,Sadgrovem
684324065394462720,guardian
684324415128125440,AnnamariSipila
684324415128125440,BBCBreaking
684324415128125440,BBCNews
684324588499636224,europafreunde
684340005033119744,la_stampa
684340736339374080,ThomasEvansUKIP
684340736339374080,Usman_OnTheMoon
684340736339374080,UKIP
684341290968862720,RTENewsNow
684341728120311808,OliverKamm
684327360879972352,Stop_The_EU
684342702490673152,reynoldnumber
684342702490673152,PerplexedObs
684342702490673152,Usman_OnTheMoon
684342702490673152,UKIP
684328215121379328,FT
684343623056527360,russelljones25
684328593313280000,VisitBCN_ES
684329460628385792,CharlesTannock
684329460628385792,Arron_banks
684329773875736576,Stop_The_EU
684346153958293504,CityAM
684333020657139712,DanHannanMEP
684333020657139712,AkashPaun
684333020657139712,simonjhix
684333744703037440,sonofr
684349072040394752,SPIEGELONLINE
684334030184136704,Europarl_EN
684334030184136704,EU_Commission
684334531147657216,YanisVaroufakis
684334998871212032,bloomberg
684335129771270144,keohanedan
684350378012471296,ThomasEvansUKIP
684335300328423424,sharethis
684335417953533952,afneil
684350516332236800,MrRae1000
684351037088608256,frederickone
684351037088608256,Redandloud
684351037088608256,anthonywalsh400
684351037088608256,howdyandy
684351037088608256,Twittwoonic
684351037088608256,ddavidhealey54
684351679278354432,guardian
684352333464113152,timfarron
684352574984683520,ReutersUK
684339409848807424,antsoares67
684339409848807424,IrishTimes
684339409848807424,RuadhanIT
684339853841068032,AfnooFnon
684355396362973184,eureferendum
684340731566256128,PaulGoodmanCH
684340731566256128,ConHome
684341419058819072,JamesCleverly
684342075572224000,Avramopoulos
684357451542429696,bi_politics
684357762726375424,lostineu
684357767000403968,rdrake98
684357767000403968,georgialewis76
684342856144650240,FollowNewsNow
684358627956666368,TaNeaOnline
684358631198863360,eunewsit
684359141276659712,Telegraph
684344196090753024,GrahamBishopcom
684344196090753024,Deloitte
684359865951727616,Natteramnoslo
684359865951727616,pcstrom
684359865951727616,kari_kristensen
684361357047795712,TeleFinance
684361856547438592,UK_FMP
684361856547438592,bg38l
684361856547438592,DavidHadley1973
684361856547438592,suzallii
684362507683643392,OliverKamm
684347477848371200,MrRae1000
684347754886344704,letocq
684347754886344704,JohnClacy1
684347754886344704,GuernseyPress
684350015884668928,RobNisbetSky
684350015884668928,SkyNews
684365390378577920,Telegraph
684365390378577920,Steven_Swinford
684350647525847040,UKLabour
684366458567180288,gibbsesq
684366458567180288,beyondthebarsmusic
684366693909553152,Gordon_T_Miller
684352066433757184,daily_politics
684352066433757184,TommySheppard
684367168440512512,gerryhassan
684367506685861888,JamesCleverly
684353161683988480,Telegraph
684368331076452352,CityAM
684353485752631296,Rochell3green
684353555969486848,MrRae1000
684369266628517888,donkiszot1Exclusive
684369266628517888,Reuters
684369335935041536,BBCPolitics
684370622584123392,Princeton
684370965866754048,PoliticoRyan
684370965866754048,POLITICOEurope
684370995545812992,LBC
684370995545812992,ShelaghFogarty
684356215015649280,DouglasCarswell
684371374056587264,Bentonra
684371374056587264,Judy_Dempsey
684371374056587264,keohanedan
684356629979095040,cer_london
684356629979095040,share
684373559716786176,StigAbell
684373559716786176,LBC
684373641115643904,nieuwsuur
684374308542615552,Preiskel
684374308542615552,regentsuni
684374630132527104,iMoochieSo
684360783669669888,TheConWom
684361481438236672,andyburnhammp
684361481438236672,MichaelDugher
684362181673095168,voteleave
684362181673095168,BetterOffOut
684362581490970624,POLITICOEurope
684362717885542400,paulmasonnews
684378489471021056,francopizzetti
684363755862528000,MichaelWhite
684364325671321600,rodney_breen
684366053108002816,reynoldnumber
684366053108002816,Daves_blog
684366053108002816,StrongerIn
684381476851417088,AfredAlbion
684381541481476096,keohanedan
684381592765112320,rkqkd371
684366570966114304,GuyVerhofstadt
684381922789867520,BBCPolitics
684381922789867520,BBCNews
684367481587236864,reynoldnumber
684367481587236864,daves_blog
684367481587236864,strongerin
684382941317824512,DavidJo52951945
684368163430100992,BBCRadio4
684368199152959488,busraToreli
684383737472258048,HuffPostItalia
684369343417839616,strongerin
684385031586988032,TelegraphTravel
684370685016281088,BBCNormanS
684386152565108736,business
684386152565108736,RobDotHutton
684386152565108736,ThomasWPenny
684372096273743872,huwjordan
684372096273743872,JohnClarke1960
684372096273743872,BBCNews
684372407876894720,jungkookkie_bts
684373288823341056,TheRedRag
684374250778656768,thinkdefence
684374250778656768,Judy_Dempsey
684374250778656768,keohanedan
684374346933080064,julia_reid
684374611958624256,MikkiL
684374611958624256,Tesco
684389847759503360,afeye
684389847759503360,Den_Drakendoder
684375072082022400,MelloComedic
684375072082022400,donnellrawlings
684375072082022400,sydneyisfunny
684375072082022400,nealbrennan
684375072082022400,TiffanyHaddish
684375536257372160,MailOnline
684390718882865152,MailOnline
684391123553488896,EveningStandard
684391123553488896,traynorbrussels
684391988775514112,Fem_anark
684392312860991488,GuyVerhofstadt
684392776230912000,parlamentonews
684393100358344704,DCBMEP
684393516680790016,HuffPostItalia
684378631397871616,thinkdefence
684378631397871616,Bentonra
684378631397871616,Judy_Dempsey
684379513925545984,thinkdefence
684379513925545984,keohanedan
684379513925545984,Judy_Dempsey
684380796807987200,AndrewAtter
684380796807987200,bg38l
684380796807987200,DavidHadley1973
684380796807987200,suzallii
684396340433022976,NordeaMarkets
684381420106596352,paulmasonnews
684381479191867392,annietrev
684397699660038144,GarethWong
684397699660038144,ChrisGiles_
684397699660038144,FT
684383996638326784,CDU
684385169944506368,hecsu
684401602011246592,8x12x2
684401788905230336,eremkaru
684401895033602048,HLN_BE
684402682824650752,Vilinthril
684387659381354496,DanHannanMEP
684402781638275072,YouTube
684388071425576960,ALDEgroup
684388071425576960,fromTGA
684403693224103936,SPIEGELONLINE
684388868595027968,wordpressdotcom
684388935359971328,GuyVerhofstadt
684388935359971328,guardian
684389476093833216,DenisMacShane
684389476093833216,CityAM
684405077096984576,arminfischer
684406931319066624,carolynquinncq
684407254641192960,emilygosden
684392264899100672,agapanthus49
684407501320671232,McGalaxyMcg
684393055680655360,prospect_uk
684393414423613440,Cymru369
684393414423613440,JamesCleverly
684393414423613440,SteveBakerHW
684408613331415040,Conhaero
684393941043679232,ThomasWPenny
684409200131223552,BTS_twt
684409357837164544,destandaard
684394674774249472,shoutinghorse
684394674774249472,WholeLottaSusie
684409840496553984,TheRealMrLo
684397753967968256,NS_online
684414173179174912,latribune
684414514452914176,oflynnmep
684400546728534016,GuyVerhofstadt
684415700308508672,guyverhofstadt
684416377197826048,bg38l
684416377197826048,UK_FMP
684416377197826048,DavidHadley1973
684416377197826048,suzallii
684401934380494848,manorray
684401934380494848,annembee
684401934380494848,BreitbartLondon
684401934380494848,KB1Everyday
684418722166083584,GodartP
684403739374030848,SPIEGELONLINE
684403739374030848,hugodixon
684404280841912320,Royston_Smith
684419448883810304,paulmasonnews
684419448883810304,guardian
684420330547490816,Mulchrone_
684406986432245760,guardian
684407410736390144,OliverKamm
684408467759730688,peterjukes
684408655454834688,AndresCastro1
684408655454834688,soccer_girl82
684408655454834688,DanielDionisi
684408772228476928,mcdonoughnews
684409456768188416,labourpress
684409456768188416,BBCNews
684425759348363264,Telegraph
684425759348363264,DPJHodges
684426651283767296,OxfordTax
684426651283767296,FT
684411597129945088,Guardian
684411707096199168,OpenEurope
684412053524754432,Hugodixon
684412156322942976,fitalass
684412156322942976,richardcalhoun
684412380147789824,EmmaReynoldsMP
684427997454155776,Telegraph
684428305488044032,peepart
684428305488044032,MilestoneBrewi1
684429304541777920,conhome
684429435030925312,euandeuropeblog
684429435030925312,roxley
684429549153705984,PoliticsHome
684429549153705984,sharethis
684429651725402112,DianaJohnsonMP
684414586624278528,DouglasCarswell
684414586624278528,vote_leave
684414586624278528,matthew_elliott
684414586624278528,CllrRobinHC
684414586624278528,UKIP
684430718588567552,angelaeagle
684430718588567552,leftwingpoet
684430954526420992,guardian
684431288103759872,JEMMYTWOSHOES
684416269668499456,IsabelHardman
684416269668499456,OpenEurope
684431680791265280,tomwalker22
684432106567553024,Migel_ange
684432106567553024,DirLimpiaCuaji
684432106567553024,JDCuajimalpa
684417065650929664,OpenEurope
684432837332877312,destandaard
684417762274455552,SLATUKIP
684417782151262208,whatukthinks
684433098126262272,LadyDurrant
684433268167475200,EUractiv
684433292955889664,ward_slog
684433572724346880,Euractiv
684433966800093184,TheWordRabbit
684434009871396864,EurActiv
684419281443008512,stepheninmk
684419281443008512,UKIPPOOLE
684434488944889856,RealitySteve
684419836630417408,labourleave
684435205139005440,Telegraph
684435503303790592,bbclaurak
684420581777870848,PoliticalShort
684420581777870848,BristolComSense
684420581777870848,Holbornlolz
684420581777870848,SassafrasSassy
684420581777870848,DavidJo52951945
684421340460388352,DianaJohnsonMP
684421757428707328,HuffPostUKPol
684421967001350144,markets
684437884166868992,euromove
684440012591607808,David_Cameron
684424974015266816,dobmarch8
684425157243486208,AllooCharas
684425195445194752,Big_Bad_John_4
684425195445194752,sarahdukip
684425601793572864,ProSyn
684425601793572864,po_st
684426701741404160,GuyVerhofstadt
684426701741404160,ALDEGroup
684426701741404160,Guardiancif
684427084316446720,SPIEGELONLINE
684428089393152000,HenrySmithMP
684428362379620352,ConHome
684443557046956032,ScotsUnionist
684443557046956032,TelePolitics
684443557046956032,simon_telegraph
684443734080106496,RSylvesterTimes
684445256348254208,DenisMacShane
684445348190883840,NewsfusionApps
684446191971643392,Carolinanetoc
684446191971643392,SooFunnyPost
684446191971643392,TheFunnyTeens
684446191971643392,zarrycollab
684446191971643392,midnight_lov3rs
684432933256572928,yogs1961
684448364679790592,SPIEGELONLINE
684448476097331200,Leofmmmartins
684449368062226432,Iskandr_Whatevr
684449368062226432,zebodag
684434315082645504,scottmannmp
684434402869383168,InterelUK
684434486323380224,BreitbartLondon
684434765018206208,BBCRadio4
684450255530668032,LeaveEUofficial
684450348367478784,wirespyuk
684435433405546496,Donna_R_E
684435582039228416,standardnews
684435662368550912,DavidCameron_MP
684435815372599296,David_Cameron
684451179976351744,wirespyuk
684437173618237440,WayneDavid_MP
684437173618237440,GeraldJonesLAB
684452585797988352,SPIEGELONLINE
684452797484421120,DanJJ83
684438323096612864,UKLabour
684438323096612864,jeremycorbyn
684438467065954304,dacbeachcroft
684453628728492032,HenryJFoy
684453628728492032,BrunoBrussels
684453628728492032,TomaszBielecki
684453668498882560,MarkIsAngry
684453668498882560,SLATUKIP
684453668498882560,martynpeel
684453668498882560,libe
684454341672054784,liarpoliticians
684455405272039424,patrickhmason
684442072384929792,paulmasonnews
684442460681048064,UKLabour
684443297654419456,imntwice
684458784073355264,julianknight15
684458803325059072,ElUniversal
684460345134592000,zurbanamedellin
684460345134592000,DjMixTime
684445593532547072,RT_com
684447262622224384,alfisutton
684447262622224384,Socialistsmithy
684447262622224384,LadyDurrant
684447262622224384,Conservatives
684448007794888704,carolynquinncq
684448007794888704,BBCRadio4
684448151072280576,Kevyla
684448923323363328,chrisjlatimer
684464144750346240,FleidermanMel
684449219504173056,jeremycorbyn
684465227832889344,BBCr4today
684450174282928128,StrongerIn
684465314269102080,Nigel_Farage
684465314269102080,CityAM
684465380467830784,CityAM
684450628777734144,thestreamguru
684451380757676032,Mancman10
684451380757676032,chrisjlatimer
684466560178733056,BBCNews
684466665577385984,politicshome
684466667712307200,Lehermayr
684466667712307200,Vilinthril
684468054017851392,badboyfantassy
684469878691082240,Telegraph
684457062995259392,StrongerInPress
684457062995259392,lucycthomas
684457062995259392,SkyNews
684457419943088128,BrexitBulldog
684457748726214656,YouTube
684472859327098880,steven_winstone
684472859327098880,MailOnline
684472859327098880,SLATUKIP
684473758548008960,Boursorama
684473800063336448,AnthonyGlees
684474479825825792,annietrev
684474479825825792,forbritain
684474479825825792,EveningChron
684460038518390784,Cadoret
684476377878364160,thegoodbuck
684461597402742784,theordinaryman2
684476915348983808,steven_winstone
684477957839126528,mjs64
684478675933356032,Samson1176
684478675933356032,M0nk33y
684478792446926848,carolynquinncq
684464011811905536,PWilliamsTBF
684464011811905536,PeteNorth303
684464011811905536,give
684464076597112832,politicshome
684479801084776448,idaglaesner
684479801084776448,UFM_UDD
684480343714455552,BBCRadio4
684480490661756928,avgerinosx
684465928575279104,PowellPolitics
684465928575279104,montie
684465928575279104,RSylvesterTimes
684466100541779968,tobyperkinsmp
684481255031869440,StaffanG_son
684481255031869440,JosefinUtas
684482438614134784,steven_winstone
684469234747965440,lucycthomas
684469234747965440,StrongerIn
684469801897619456,PWilliamsTBF
684469801897619456,PeteNorth303
684473618173145088,carolynquinncq
684473721185263616,mrtein
684473721185263616,BolsoverBeast
684475182937956352,BBCRadio4
684490607562211328,sharmilaxx
684476073187356672,EUWatchers
684476073187356672,lsebrexitvote
684476073187356672,LSEEuroppblog
684476392365527040,Cadoret
684476392365527040,UKIP
684476392365527040,john3ners
684491836342321152,MattCElthamSth
684477400772640768,WilbournRyan
684477400772640768,JohnWhall
684477636136009728,Independent
684477989048942592,WhiteWednesday
684480255399170048,sundersays
684480255399170048,iainmartin1
684480255399170048,CapX
684480298998980608,Benji_Mascolo
684481879794409472,hillfort
684481879794409472,WhiteWednesday
684481879794409472,eureferendum
684481879794409472,lostleonardo
684496978026311680,97_houston
684497543493976064,PeteNorth303
684499033516314624,psbook
684484587565768704,Laura_K_Hughes
684484587565768704,Steven_Swinford
684485252300075008,armleyexile
684485252300075008,Lauren4ukip
684500963567210496,Euractiv
684486662118850560,LesleyMillercyp
684486662118850560,fergusabroad
684487120577236992,ReebarrRees
684487120577236992,fergusabroad
684487148456800256,BBCScot2016
684487148456800256,iainmacwhirter
684487148456800256,davidtorrance
684487425368965120,carolynquinncq
684487425368965120,BBCPM
684502548380790784,Jagsrock210
684502548380790784,caneshades83
684502548380790784,justinrgrrb
684502548380790784,CaneShadesRadio
684503051659554816,stephenkb
684503061142704128,carolynquinncq
684503061142704128,CER_London
684503296934031360,AndKiely
684490176622637056,charlieT62
684490176622637056,StrongerIn
684507173041389568,SuzanneEvans1
684507173041389568,jihadwatchRS
684492235770081280,Benji_Mascolo
684509687732133888,ABitOfBlossom
684510063592128512,janeyotweets
684510063592128512,MattTurner4L
684495149963976704,TheSun
684510610923601920,DanHannanMEP
684510665021730816,JaneMahony
684495978712416256,David_Cameron
684495978712416256,UKIP
684498202138116096,DouglasCarswell
684513996544851968,justinbieber
684513996544851968,ProyectoAyudaJB
684514299008663552,DFosterEvans
684514444215320576,media_en
684499942581383168,patrickoscully
684499942581383168,DavidJo52951945
684516026059505664,Susymaba
684516529304645632,HuwGruffydd
684516529304645632,ash20H
684516529304645632,peterdavidscot2
684516529304645632,DameMiriam
684502243077439488,rodbishop15
684502942213353472,SuzanneEvans1
684518418473742336,SkyNews
684503464098017280,lsebrexitvote
684503464098017280,JohnOBrennan2
684503543961776128,BBCRadio4
684504508915933184,RSkidelsky
684504508915933184,TheStalwart
684505491054137344,vote_leave
684505491054137344,LeaveEUOfficial
684508995114135552,CoaghUKIP
684524338305994752,bbcradio4
684525590729207808,nlingelicht
684511811425693696,LeaveEUOfficial
684527266253139968,HaitiNewsNet
684528080208007168,ProSyn
684528080208007168,po_st
684529122048106496,NUnl
684514129512644608,nickh1877
684514129512644608,iankatz1000
684514190300721152,AdiEUtoallthat
684514881396195328,GuyVerhofstadt
684517704166957056,TheTimes
684533804556513280,socdemgroup
684518760074600448,UK_IndyNow
684518760074600448,StrongerIn
684518783436894208,UKandEU
684522218697658368,Brexiteer
684522218697658368,britinfluence
684523161296220160,duncanmcgregor
684523161296220160,DAaronovitch
684525614875947008,LeaveHQ
684525614875947008,eureferendum
684525614875947008,PeteNorth303
684526068145983488,REPORTER_47
684548250624483328,Telegraph
684534715320156160,GGReisman
684534715320156160,mises
684535863125082112,StigAbell
684535863125082112,maitlis
684551202655334400,williamsweapon
684551202655334400,darrenadam
684552568886923264,williamsweapon
684538256319492096,DanHannanMEP
684542035706122240,checkerhd
684550677205499904,UKLabour
684577540766306304,NUnl
684604204103659520,SPIEGELONLINE
684608819830247424,telegraaf
684616556853133312,welt
684626001712836608,braveheartmmt
684626001712836608,rubino7004
684626001712836608,VittorioBanti
684626079986880512,DanHannanMEP
684626079986880512,jimmhk
684626839952822272,ManusCranny
684627732676919296,dft
684628497659248640,business
684630698586718208,DavidDavisMP
684635671156387840,business
684635671156387840,ArneDelfs
684635671156387840,RobDotHutton
684637081428078592,dere_asuka_bot
684640683911737344,mfMorten
684641822065475584,el_pais
684628531033313280,business
684628531033313280,RobDotHutton
684628531033313280,ArneDelfs
684646412475330560,Euractiv
684648619136389120,theordinaryman2
684648619136389120,Juliet777777
684648619136389120,natalieben
684634188977410048,guardian
684634557996494848,Number10gov
684650365917216768,RobDotHutton
684650365917216768,ArneDelfs
684650536197554176,business
684650655038980096,BBCr4today
684636187043196928,bbclaurak
684652121799704576,Cllrporter
684637027598491648,nictrades
684638058721968128,SPIEGELONLINE
684638143203545088,business
684638899700940800,FT
684654326342483968,paulwaugh
684654395183599616,bebbington
684654445947404288,Telegraph
684654940334231552,Geezajay2013
684654940334231552,Flange_Badger
684656125258674176,DanielCumming5
684656125258674176,TheMockneyRebel
684642118216843264,LeaveEUOfficial
684642118216843264,bell_johnb0308
684642118216843264,DavidDavisMP
684642178811990016,benastontweet
684642178811990016,Recruitabroad
684643313346068480,politicshome
684658687772774400,ilgiornale
684658957470855168,busybuk
684658957470855168,2tweetaboutit
684659058368974848,rtbfinfo
684659750764703744,GuyVerhofstadt
684660142898548736,MrRBourne
684661845987295232,Telegraph
684647803046473728,FT
684663019897491456,eFinancialNews
684648525045567488,bbcradio4
684648541797662720,HenrietteReker
684663954573004800,JLLUK
684649029645512704,SamCoatesTimes
684665104999251968,LondonerVince
684650344350113792,David_Cameron
684650837268905984,GuyVerhofstadt
684650837268905984,guardian
684666100232138752,Telegraph
684666173728886784,HSJEditor
684666237184524288,FT
684666715662241792,cain_juliendave
684666715662241792,ESpringW11
684651944942657536,labour
684652357670584320,CapX
684652368240226304,steverichards14
684668433364037632,vote_leave
684668433364037632,LeaveEUOfficial
684668687689887744,EurActiv_Fr
684654774579544064,patmcfaddenmp
684670129058230272,IrishTimesWorld
684655298028634112,JoelLewin
684655298028634112,pmarca
684655841383964672,DanHannanMEP
684656889196589056,David_Cameron
684656936541753344,Keir_Starmer
684657201475129344,HansNichols
684657667080589312,GuyVerhofstadt
684658185416929280,politicsastar
684673322672496640,NOS
684658242094534656,dosmoh6677
684673349876858880,dft
684658888776511488,SharonBowlesUK
684660051605385216,LBC
684660051605385216,darrenadam
684675219055849472,AndrewAtter
684675219055849472,PeteNorth303
684675252329295872,JustinSobecki
684660213270638592,BenPBradshaw
684675469149601792,NOS
684676314150891520,charlottebsmith
684661253478977536,KatharinaBart
684676533454245888,trussliz
684676533454245888,UKIP
684676615188668416,UK
684661520626749440,_TimCave
684676618460217344,trussliz
684676713582825472,Owen_PatersonMP
684676929094565888,stridingedge
684677100217995264,RobDotHutton
684677515055620096,WhiteWednesday
684677515055620096,PeteNorth303
684662612945166336,John_J_C_Moss
684662612945166336,BenPBradshaw
684678263034265600,oscartango
684678263034265600,ibtauris
684663381077422080,FT
684665172808568832,SkyNews
684665705380339712,IsabelHardman
684665736317513728,David_Cameron
684665736317513728,Conservatives
684665736317513728,ftcomment
684680846997979136,heraldscotland
684680846997979136,settle_michael
684681781287727104,simostransit
684681781287727104,NewsRepublicUK
684681781287727104,NewsRepublic
684666715419086848,ProSyn
684682275884261376,ProSyn
684682275884261376,po_st
684667336436125696,ChukaUmunna
684682560195145728,James_BG
684683290184384512,rathoCC
684684409971281920,ukandeu
684684490971713536,NFUtweets
684669411400249344,bbcburnsy
684669411400249344,LeaveEUOfficial
684671151684108288,CSU
684673077884645376,andywigmore
684673560745521152,GuyVerhofstadt
684673560745521152,guardian
684688786266173440,eureporter
684689131411234816,GuyVerhofstadt
684689586547638272,Piovegovernolad
684689674267430912,oscartango
684689674267430912,ibtauris
684689674267430912,theglobalist
684690479691231232,GuyVerhofstadt
684676064308768768,trussliz
684676966671355904,intlspectator
684692147551997952,Langworthy_47
684692147551997952,UKandEU
684677095147106304,Telegraph
684677170187341824,njg_nick
684677170187341824,Nigel_Farage
684677546336763904,local_hub
684677850121826304,CER_Grant
684677850121826304,carolynquinncq
684677850121826304,BBCRadio4
684679881528111104,PaulKingstonNNP
684695200577531904,MijBmal
684695238263357440,WomenDefyUKIP
684695238263357440,eureferendum
684695238263357440,EUreferendumUK
684695269674487808,HighburyJD
684695269674487808,MrHarryCole
684695453284225024,paaana_ren
684682786775646208,Conservatives
684684262424113152,UK__News
684699391257645056,CityAM
684699391257645056,britishfuture
684685115763605504,aroundbritain
684685115763605504,UKIPPOOLE
684700215069257728,business
684700230508494848,business
684701102831464448,LocutusBrussels
684701102831464448,liarpoliticians
684701102831464448,lucycthomas
684701102831464448,StrongerIn
684701102831464448,euromove
684701128576073728,Telegraph
684702591016660992,scott_wilko
684703406863331328,business
684703607111987200,ProSyn
684703607111987200,po_st
684704012411760640,YouTube
684689030500487168,anandMenon1
684689030500487168,UKandEU
684689069251637248,TheEconomist
684691256673464320,MoneyWeek
684691946665807872,dictionarycom
684707284925177856,RJPartington
684707284925177856,business
684708563583762432,SPIEGEL_English
684708939007705088,slooproon
684708939007705088,Chelmno4
684708939007705088,johnbostock3
684708939007705088,standardnews
684709335092621312,DouglasCarswell
684709335092621312,suttonnick
684694935753338880,Democracy4evaUk
684710155297124352,anncoffey_mp
684710155297124352,BBCNews
684695768805044224,AdiEUtoallthat
684712056784838656,DouglasCarswell
684712056784838656,suttonnick
684712715076636672,sharethis
684713463483133952,SPIEGELONLINE
684698819515297792,trussliz
684714409571278848,OxSapiens
684714409571278848,eureferendum
684714409571278848,WhiteWednesday
684699472757141504,swalker18780774
684699472757141504,TrumpViewTower
684699472757141504,Geezajay2013
684699472757141504,BBCNews
684714715017252864,EgmontInstitute
684699716324569088,anandMenon1
684699866405187584,Nigel_Farage
684699867164372992,Langworthy_47
684699867164372992,AllooCharas
684715119952138240,business
684700105304371200,simonblake1977
684700105304371200,PWilliamsTBF
684700105304371200,PeteNorth303
684700179409297408,standardnews
684700439078670336,Nigel_Farage
684700439078670336,UKIP
684700439078670336,David_Cameron
684700439078670336,UKgovcomms
684702063520018432,_TimCave
684702946257403904,JamesCleverly
684702946257403904,ConWayFor
684718615271190528,KTHopkins
684703879028695040,BBCNews
684719916667285504,scotnational
684705607765614592,lionelbarber
684705607765614592,BetterOffOut
684720805830373376,tufailelif
684720805830373376,DanHannanMEP
684720914840301568,PaulaMariana29
684721090640228352,OxfordTax
684721090640228352,FT
684706442360782848,KateHoeyMP
684706654001172480,RoMashka2307
684721799263858688,oflynnmep
684707108034625536,PeteWishart
684708464388608000,welt
684708544671789056,guardian
684708544671789056,GuyVerhofstadt
684708651861446656,Aluap_Dnomder
684724773721665536,James_BG
684710049705541632,defense_news
684710049705541632,Carnegie_Europe
684710406561132544,eucopresident
684726779441995776,SPIEGELONLINE
684711849644945408,jeremycorbyn
684727264559370240,GdnPolitics
684727264559370240,guardian
684727269391228928,Telegraph
684712303338602496,David_Cameron
684712303338602496,ProfTimBale
684713346516533248,ProfTimBale
684728535186042880,SPIEGELONLINE
684713926517481472,GrahamGords1001
684713926517481472,FergusMason1
684713951452622848,oxfordfarming
684714013213765632,SatChri
684714013213765632,richard_TRK
684714730917883904,Democracy4evaUk
684714818750787584,GuyVerhofstadt
684714818750787584,guardian
684714864015716352,britainbetterinfor
684714864015716352,EurActiv
684730139159203840,LeaveEUOfficial
684730139159203840,MikkiL
684730139159203840,JamesCleverly
684715152491556864,Democracy4evaUk
684730316691488768,IBTimesUK
684730903201890304,jadinesterzambo
684715953272127488,fank_peat
684731414076616704,swalker18780774
684731414076616704,woodlandsandrew
684731414076616704,Reuters
684716422174490624,PWilliamsTBF
684716714680926208,UKIP
684716714680926208,Nigel_Farage
684716720716705792,Mid247
684716720716705792,tomkeene
684716720716705792,bloombergtv
684716720716705792,FerroTV
684732715019665408,spiegelpeter
684718164765208576,theeuropeanmag
684735949755039744,IBTimesUK
684720865452404736,deanofsurrey
684720865452404736,eureferendum
684721423219298304,TariqAli_News
684737670719901696,viEUws
684737683147616256,jojabaker
684722598169559040,scientists4EU
684722648220348416,hajimaboys
684722920543891456,britinfluence
684722920543891456,guardian
684738182802485248,trussliz
684738182802485248,CCHQPress
684723672771379200,kel_emvor
684723672771379200,PWilliamsTBF
684723672771379200,simonblake1977
684723672771379200,PeteNorth303
684723876237041664,GuyVerhofstadt
684739066181611520,SPIEGELONLINE
684739712481902592,galboy_ledge
684739712481902592,HuffPostUK
684724653437358080,simonblake1977
684724653437358080,PWilliamsTBF
684724653437358080,PeteNorth303
684725107441405952,OwenJones84
684725391018344448,simonblake1977
684725391018344448,PWilliamsTBF
684725391018344448,PeteNorth303
684740761913548800,_Faiiryytaleee
684741340895272960,StrongerIn
684729509518655488,GuyVerhofstadt
684745542501531648,business
684746527055712256,TheBuddhaSmiled
684746840705740800,DefraGovUK
684746840705740800,WMNNews
684747076341731328,MVLibertas
684732540486348800,markets
684732857995128832,DavidJo52951945
684732857995128832,JohnCaveAusten
684735619835248640,ProfTimBale
684735905660317696,David_Cameron
684737000319102976,gabyhinsliff
684737000319102976,mauriceg88
684752507495657472,Tebasjavier
684738515893141504,TrussLiz
684754158755254272,ProSyn
684754158755254272,po_st
684754166930096128,PME_Politics
684754622649610240,observadorpt
684739913934323712,Hugodixon
684739913934323712,StrongerIn
684740426591506432,kel_emvor
684740426591506432,PWilliamsTBF
684740426591506432,simonblake1977
684740426591506432,PeteNorth303
